studyName,Sample Number,Species,Region,Island,Stage,Individual ID,Clutch Completion,Date Egg,Culmen Length (mm),Culmen Depth (mm),Flipper Length (mm),Body Mass (g),Sex,Delta 15 N (o/oo),Delta 13 C (o/oo),Comments
PAL0708,1,Adelie Penguin (Pygoscelis adeliae),Anvers,Torgersen,"Adult, 1 Egg Stage",N1A1,Yes,2007-11-11T00:00:00Z,,,,,MALE,,,Not enough blood for isotopes.
PAL0708,2,Adelie Penguin (Pygoscelis adeliae),Anvers,Torgersen,"Adult, 1 Egg Stage",N1A2,Yes,2007-11-11T00:00:00Z,,,,,FEMALE,,,NA
PAL0708,3,Adelie Penguin (Pygoscelis adeliae),Anvers,Torgersen,"Adult, 1 Egg Stage",N2A1,Yes,2007-11-16T00:00:00Z,,,,,FEMALE,,,NA
PAL0708,4,Adelie Penguin (Pygoscelis adeliae),Anvers,Torgersen,"Adult, 1 Egg Stage",N2A2,Yes,2007-11-16T00:00:00Z,,,,,NA,,,Adult not sampled.
PAL0708,5,Adelie Penguin (Pygoscelis adeliae),Anvers,Torgersen,"Adult, 1 Egg Stage",N3A1,Yes,2007-11-16T00:00:00Z,,,,,FEMALE,,,NA
PAL0708,6,Adelie Penguin (Pygoscelis adeliae),Anvers,Torgersen,"Adult, 1 Egg Stage",N3A2,Yes,2007-11-16T00:00:00Z,,,,,MALE,,,NA
PAL0708,7,Adelie Penguin (Pygoscelis adeliae),Anvers,Torgersen,"Adult, 1 Egg Stage",N4A1,No,2007-11-15T00:00:00Z,,,,,FEMALE,,,Nest never observed with full clutch.
PAL0708,8,Adelie Penguin (Pygoscelis adeliae),Anvers,Torgersen,"Adult, 1 Egg Stage",N4A2,No,2007-11-15T00:00:00Z,,,,,MALE,,,Nest never observed with full clutch.
PAL0708,9,Adelie Penguin (Pygoscelis adeliae),Anvers,Torgersen,"Adult, 1 Egg Stage",N5A1,Yes,2007-11-09T00:00:00Z,,,,,NA,,,No blood sample obtained.
PAL0708,10,Adelie Penguin (Pygoscelis adeliae),Anvers,Torgersen,"Adult, 1 Egg Stage",N5A2,Yes,2007-11-09T00:00:00Z,,,,,NA,,,No blood sample obtained for sexing.
PAL0708,11,Adelie Penguin (Pygoscelis adeliae),Anvers,Torgersen,"Adult, 1 Egg Stage",N6A1,Yes,2007-11-09T00:00:00Z,,,,,NA,,,No blood sample obtained for sexing.
PAL0708,12,Adelie Penguin (Pygoscelis adeliae),Anvers,Torgersen,"Adult, 1 Egg Stage",N6A2,Yes,2007-11-09T00:00:00Z,,,,,NA,,,No blood sample obtained.
PAL0708,13,Adelie Penguin (Pygoscelis adeliae),Anvers,Torgersen,"Adult, 1 Egg Stage",N7A1,Yes,2007-11-15T00:00:00Z,,,,,FEMALE,,,Not enough blood for isotopes.
PAL0708,14,Adelie Penguin (Pygoscelis adeliae),Anvers,Torgersen,"Adult, 1 Egg Stage",N7A2,Yes,2007-11-15T00:00:00Z,,,,,MALE,,,Not enough blood for isotopes.
PAL0708,15,Adelie Penguin (Pygoscelis adeliae),Anvers,Torgersen,"Adult, 1 Egg Stage",N8A1,Yes,2007-11-16T00:00:00Z,,,,,MALE,,,NA
PAL0708,16,Adelie Penguin (Pygoscelis adeliae),Anvers,Torgersen,"Adult, 1 Egg Stage",N8A2,Yes,2007-11-16T00:00:00Z,,,,,FEMALE,,,Not enough blood for isotopes.
PAL0708,17,Adelie Penguin (Pygoscelis adeliae),Anvers,Torgersen,"Adult, 1 Egg Stage",N9A1,Yes,2007-11-12T00:00:00Z,,,,,FEMALE,,,NA
PAL0708,18,Adelie Penguin (Pygoscelis adeliae),Anvers,Torgersen,"Adult, 1 Egg Stage",N9A2,Yes,2007-11-12T00:00:00Z,,,,,MALE,,,NA
PAL0708,19,Adelie Penguin (Pygoscelis adeliae),Anvers,Torgersen,"Adult, 1 Egg Stage",N10A1,Yes,2007-11-16T00:00:00Z,,,,,FEMALE,,,NA
PAL0708,20,Adelie Penguin (Pygoscelis adeliae),Anvers,Torgersen,"Adult, 1 Egg Stage",N10A2,Yes,2007-11-16T00:00:00Z,,,,,MALE,,,NA
PAL0708,21,Adelie Penguin (Pygoscelis adeliae),Anvers,Biscoe,"Adult, 1 Egg Stage",N11A1,Yes,2007-11-12T00:00:00Z,,,,,FEMALE,,,NA
PAL0708,22,Adelie Penguin (Pygoscelis adeliae),Anvers,Biscoe,"Adult, 1 Egg Stage",N11A2,Yes,2007-11-12T00:00:00Z,,,,,MALE,,,NA
PAL0708,23,Adelie Penguin (Pygoscelis adeliae),Anvers,Biscoe,"Adult, 1 Egg Stage",N12A1,Yes,2007-11-12T00:00:00Z,,,,,FEMALE,,,NA
PAL0708,24,Adelie Penguin (Pygoscelis adeliae),Anvers,Biscoe,"Adult, 1 Egg Stage",N12A2,Yes,2007-11-12T00:00:00Z,,,,,MALE,,,NA
PAL0708,25,Adelie Penguin (Pygoscelis adeliae),Anvers,Biscoe,"Adult, 1 Egg Stage",N13A1,Yes,2007-11-10T00:00:00Z,,,,,MALE,,,NA
PAL0708,26,Adelie Penguin (Pygoscelis adeliae),Anvers,Biscoe,"Adult, 1 Egg Stage",N13A2,Yes,2007-11-10T00:00:00Z,,,,,FEMALE,,,NA
PAL0708,27,Adelie Penguin (Pygoscelis adeliae),Anvers,Biscoe,"Adult, 1 Egg Stage",N17A1,Yes,2007-11-12T00:00:00Z,,,,,MALE,,,NA
PAL0708,28,Adelie Penguin (Pygoscelis adeliae),Anvers,Biscoe,"Adult, 1 Egg Stage",N17A2,Yes,2007-11-12T00:00:00Z,,,,,FEMALE,,,NA
PAL0708,29,Adelie Penguin (Pygoscelis adeliae),Anvers,Biscoe,"Adult, 1 Egg Stage",N18A1,No,2007-11-10T00:00:00Z,,,,,FEMALE,,,Nest never observed with full clutch.
PAL0708,30,Adelie Penguin (Pygoscelis adeliae),Anvers,Biscoe,"Adult, 1 Egg Stage",N18A2,No,2007-11-10T00:00:00Z,,,,,MALE,,,Nest never observed with full clutch.
PAL0708,31,Adelie Penguin (Pygoscelis adeliae),Anvers,Dream,"Adult, 1 Egg Stage",N21A1,Yes,2007-11-09T00:00:00Z,,,,,FEMALE,,,NA
PAL0708,32,Adelie Penguin (Pygoscelis adeliae),Anvers,Dream,"Adult, 1 Egg Stage",N21A2,Yes,2007-11-09T00:00:00Z,,,,,MALE,,,NA
PAL0708,33,Adelie Penguin (Pygoscelis adeliae),Anvers,Dream,"Adult, 1 Egg Stage",N22A1,Yes,2007-11-09T00:00:00Z,,,,,FEMALE,,,NA
PAL0708,34,Adelie Penguin (Pygoscelis adeliae),Anvers,Dream,"Adult, 1 Egg Stage",N22A2,Yes,2007-11-09T00:00:00Z,,,,,MALE,,,NA
PAL0708,35,Adelie Penguin (Pygoscelis adeliae),Anvers,Dream,"Adult, 1 Egg Stage",N23A1,Yes,2007-11-16T00:00:00Z,,,,,FEMALE,,,NA
PAL0708,36,Adelie Penguin (Pygoscelis adeliae),Anvers,Dream,"Adult, 1 Egg Stage",N23A2,Yes,2007-11-16T00:00:00Z,,,,,MALE,,,NA
PAL0708,37,Adelie Penguin (Pygoscelis adeliae),Anvers,Dream,"Adult, 1 Egg Stage",N24A1,Yes,2007-11-16T00:00:00Z,,,,,MALE,,,NA
PAL0708,38,Adelie Penguin (Pygoscelis adeliae),Anvers,Dream,"Adult, 1 Egg Stage",N24A2,Yes,2007-11-16T00:00:00Z,,,,,FEMALE,,,NA
PAL0708,39,Adelie Penguin (Pygoscelis adeliae),Anvers,Dream,"Adult, 1 Egg Stage",N25A1,No,2007-11-13T00:00:00Z,,,,,FEMALE,,,Nest never observed with full clutch.
PAL0708,40,Adelie Penguin (Pygoscelis adeliae),Anvers,Dream,"Adult, 1 Egg Stage",N25A2,No,2007-11-13T00:00:00Z,,,,,MALE,,,Nest never observed with full clutch. Not enough blood for isotopes.
PAL0708,41,Adelie Penguin (Pygoscelis adeliae),Anvers,Dream,"Adult, 1 Egg Stage",N26A1,Yes,2007-11-16T00:00:00Z,,,,,FEMALE,,,NA
PAL0708,42,Adelie Penguin (Pygoscelis adeliae),Anvers,Dream,"Adult, 1 Egg Stage",N26A2,Yes,2007-11-16T00:00:00Z,,,,,MALE,,,Not enough blood for isotopes.
PAL0708,43,Adelie Penguin (Pygoscelis adeliae),Anvers,Dream,"Adult, 1 Egg Stage",N27A1,Yes,2007-11-19T00:00:00Z,,,,,FEMALE,,,NA
PAL0708,44,Adelie Penguin (Pygoscelis adeliae),Anvers,Dream,"Adult, 1 Egg Stage",N27A2,Yes,2007-11-19T00:00:00Z,,,,,MALE,,,NA
PAL0708,45,Adelie Penguin (Pygoscelis adeliae),Anvers,Dream,"Adult, 1 Egg Stage",N28A1,Yes,2007-11-16T00:00:00Z,,,,,FEMALE,,,NA
PAL0708,46,Adelie Penguin (Pygoscelis adeliae),Anvers,Dream,"Adult, 1 Egg Stage",N28A2,Yes,2007-11-16T00:00:00Z,,,,,MALE,,,NA
PAL0708,47,Adelie Penguin (Pygoscelis adeliae),Anvers,Dream,"Adult, 1 Egg Stage",N29A1,Yes,2007-11-13T00:00:00Z,,,,,MALE,,,Not enough blood for isotopes.
PAL0708,48,Adelie Penguin (Pygoscelis adeliae),Anvers,Dream,"Adult, 1 Egg Stage",N29A2,Yes,2007-11-13T00:00:00Z,,,,,NA,,,Sexing primers did not amplify. Not enough blood for isotopes.
PAL0708,49,Adelie Penguin (Pygoscelis adeliae),Anvers,Dream,"Adult, 1 Egg Stage",N30A1,Yes,2007-11-13T00:00:00Z,,,,,FEMALE,,,NA
PAL0708,50,Adelie Penguin (Pygoscelis adeliae),Anvers,Dream,"Adult, 1 Egg Stage",N30A2,Yes,2007-11-13T00:00:00Z,,,,,MALE,,,NA
PAL0809,51,Adelie Penguin (Pygoscelis adeliae),Anvers,Biscoe,"Adult, 1 Egg Stage",N21A1,Yes,2008-11-06T00:00:00Z,,,,,FEMALE,,,NA
PAL0809,52,Adelie Penguin (Pygoscelis adeliae),Anvers,Biscoe,"Adult, 1 Egg Stage",N21A2,Yes,2008-11-06T00:00:00Z,,,,,MALE,,,NA
PAL0809,53,Adelie Penguin (Pygoscelis adeliae),Anvers,Biscoe,"Adult, 1 Egg Stage",N22A1,Yes,2008-11-09T00:00:00Z,,,,,FEMALE,,,NA
PAL0809,54,Adelie Penguin (Pygoscelis adeliae),Anvers,Biscoe,"Adult, 1 Egg Stage",N22A2,Yes,2008-11-09T00:00:00Z,,,,,MALE,,,NA
PAL0809,55,Adelie Penguin (Pygoscelis adeliae),Anvers,Biscoe,"Adult, 1 Egg Stage",N23A1,Yes,2008-11-09T00:00:00Z,,,,,FEMALE,,,NA
PAL0809,56,Adelie Penguin (Pygoscelis adeliae),Anvers,Biscoe,"Adult, 1 Egg Stage",N23A2,Yes,2008-11-09T00:00:00Z,,,,,MALE,,,NA
PAL0809,57,Adelie Penguin (Pygoscelis adeliae),Anvers,Biscoe,"Adult, 1 Egg Stage",N24A1,Yes,2008-11-15T00:00:00Z,,,,,FEMALE,,,NA
PAL0809,58,Adelie Penguin (Pygoscelis adeliae),Anvers,Biscoe,"Adult, 1 Egg Stage",N24A2,Yes,2008-11-15T00:00:00Z,,,,,MALE,,,NA
PAL0809,59,Adelie Penguin (Pygoscelis adeliae),Anvers,Biscoe,"Adult, 1 Egg Stage",N25A1,Yes,2008-11-15T00:00:00Z,,,,,FEMALE,,,NA
PAL0809,60,Adelie Penguin (Pygoscelis adeliae),Anvers,Biscoe,"Adult, 1 Egg Stage",N25A2,Yes,2008-11-15T00:00:00Z,,,,,MALE,,,NA
PAL0809,61,Adelie Penguin (Pygoscelis adeliae),Anvers,Biscoe,"Adult, 1 Egg Stage",N27A1,Yes,2008-11-13T00:00:00Z,,,,,FEMALE,,,NA
PAL0809,62,Adelie Penguin (Pygoscelis adeliae),Anvers,Biscoe,"Adult, 1 Egg Stage",N27A2,Yes,2008-11-13T00:00:00Z,,,,,MALE,,,NA
PAL0809,63,Adelie Penguin (Pygoscelis adeliae),Anvers,Biscoe,"Adult, 1 Egg Stage",N28A1,Yes,2008-11-13T00:00:00Z,,,,,FEMALE,,,NA
PAL0809,64,Adelie Penguin (Pygoscelis adeliae),Anvers,Biscoe,"Adult, 1 Egg Stage",N28A2,Yes,2008-11-13T00:00:00Z,,,,,MALE,,,NA
PAL0809,65,Adelie Penguin (Pygoscelis adeliae),Anvers,Biscoe,"Adult, 1 Egg Stage",N29A1,Yes,2008-11-13T00:00:00Z,,,,,FEMALE,,,NA
PAL0809,66,Adelie Penguin (Pygoscelis adeliae),Anvers,Biscoe,"Adult, 1 Egg Stage",N29A2,Yes,2008-11-13T00:00:00Z,,,,,MALE,,,NA
PAL0809,67,Adelie Penguin (Pygoscelis adeliae),Anvers,Biscoe,"Adult, 1 Egg Stage",N30A1,Yes,2008-11-06T00:00:00Z,,,,,FEMALE,,,NA
PAL0809,68,Adelie Penguin (Pygoscelis adeliae),Anvers,Biscoe,"Adult, 1 Egg Stage",N30A2,Yes,2008-11-06T00:00:00Z,,,,,MALE,,,NA
PAL0809,69,Adelie Penguin (Pygoscelis adeliae),Anvers,Torgersen,"Adult, 1 Egg Stage",N32A1,No,2008-11-11T00:00:00Z,,,,,FEMALE,,,Nest never observed with full clutch.
PAL0809,70,Adelie Penguin (Pygoscelis adeliae),Anvers,Torgersen,"Adult, 1 Egg Stage",N32A2,No,2008-11-11T00:00:00Z,,,,,MALE,,,Nest never observed with full clutch.
PAL0809,71,Adelie Penguin (Pygoscelis adeliae),Anvers,Torgersen,"Adult, 1 Egg Stage",N34A1,Yes,2008-11-14T00:00:00Z,,,,,FEMALE,,,NA
PAL0809,72,Adelie Penguin (Pygoscelis adeliae),Anvers,Torgersen,"Adult, 1 Egg Stage",N34A2,Yes,2008-11-14T00:00:00Z,,,,,MALE,,,NA
PAL0809,73,Adelie Penguin (Pygoscelis adeliae),Anvers,Torgersen,"Adult, 1 Egg Stage",N35A1,Yes,2008-11-11T00:00:00Z,,,,,FEMALE,,,NA
PAL0809,74,Adelie Penguin (Pygoscelis adeliae),Anvers,Torgersen,"Adult, 1 Egg Stage",N35A2,Yes,2008-11-11T00:00:00Z,,,,,MALE,,,NA
PAL0809,75,Adelie Penguin (Pygoscelis adeliae),Anvers,Torgersen,"Adult, 1 Egg Stage",N36A1,Yes,2008-11-08T00:00:00Z,,,,,FEMALE,,,NA
PAL0809,76,Adelie Penguin (Pygoscelis adeliae),Anvers,Torgersen,"Adult, 1 Egg Stage",N36A2,Yes,2008-11-08T00:00:00Z,,,,,MALE,,,NA
PAL0809,77,Adelie Penguin (Pygoscelis adeliae),Anvers,Torgersen,"Adult, 1 Egg Stage",N37A1,Yes,2008-11-06T00:00:00Z,,,,,FEMALE,,,NA
PAL0809,78,Adelie Penguin (Pygoscelis adeliae),Anvers,Torgersen,"Adult, 1 Egg Stage",N37A2,Yes,2008-11-06T00:00:00Z,,,,,MALE,,,NA
PAL0809,79,Adelie Penguin (Pygoscelis adeliae),Anvers,Torgersen,"Adult, 1 Egg Stage",N38A1,Yes,2008-11-09T00:00:00Z,,,,,FEMALE,,,NA
PAL0809,80,Adelie Penguin (Pygoscelis adeliae),Anvers,Torgersen,"Adult, 1 Egg Stage",N38A2,Yes,2008-11-09T00:00:00Z,,,,,MALE,,,NA
PAL0809,81,Adelie Penguin (Pygoscelis adeliae),Anvers,Torgersen,"Adult, 1 Egg Stage",N39A1,Yes,2008-11-02T00:00:00Z,,,,,FEMALE,,,NA
PAL0809,82,Adelie Penguin (Pygoscelis adeliae),Anvers,Torgersen,"Adult, 1 Egg Stage",N39A2,Yes,2008-11-02T00:00:00Z,,,,,MALE,,,NA
PAL0809,83,Adelie Penguin (Pygoscelis adeliae),Anvers,Torgersen,"Adult, 1 Egg Stage",N40A1,Yes,2008-11-07T00:00:00Z,,,,,FEMALE,,,NA
PAL0809,84,Adelie Penguin (Pygoscelis adeliae),Anvers,Torgersen,"Adult, 1 Egg Stage",N40A2,Yes,2008-11-07T00:00:00Z,,,,,MALE,,,NA
PAL0809,85,Adelie Penguin (Pygoscelis adeliae),Anvers,Dream,"Adult, 1 Egg Stage",N41A1,Yes,2008-11-17T00:00:00Z,,,,,FEMALE,,,NA
PAL0809,86,Adelie Penguin (Pygoscelis adeliae),Anvers,Dream,"Adult, 1 Egg Stage",N41A2,Yes,2008-11-17T00:00:00Z,,,,,MALE,,,NA
PAL0809,87,Adelie Penguin (Pygoscelis adeliae),Anvers,Dream,"Adult, 1 Egg Stage",N42A1,Yes,2008-11-08T00:00:00Z,,,,,MALE,,,NA
PAL0809,88,Adelie Penguin (Pygoscelis adeliae),Anvers,Dream,"Adult, 1 Egg Stage",N42A2,Yes,2008-11-08T00:00:00Z,,,,,FEMALE,,,NA
PAL0809,89,Adelie Penguin (Pygoscelis adeliae),Anvers,Dream,"Adult, 1 Egg Stage",N44A1,Yes,2008-11-08T00:00:00Z,,,,,MALE,,,NA
PAL0809,90,Adelie Penguin (Pygoscelis adeliae),Anvers,Dream,"Adult, 1 Egg Stage",N44A2,Yes,2008-11-08T00:00:00Z,,,,,FEMALE,,,NA
PAL0809,91,Adelie Penguin (Pygoscelis adeliae),Anvers,Dream,"Adult, 1 Egg Stage",N45A1,Yes,2008-11-14T00:00:00Z,,,,,FEMALE,,,NA
PAL0809,92,Adelie Penguin (Pygoscelis adeliae),Anvers,Dream,"Adult, 1 Egg Stage",N45A2,Yes,2008-11-14T00:00:00Z,,,,,MALE,,,NA
PAL0809,93,Adelie Penguin (Pygoscelis adeliae),Anvers,Dream,"Adult, 1 Egg Stage",N46A1,Yes,2008-11-05T00:00:00Z,,,,,FEMALE,,,NA
PAL0809,94,Adelie Penguin (Pygoscelis adeliae),Anvers,Dream,"Adult, 1 Egg Stage",N46A2,Yes,2008-11-05T00:00:00Z,,,,,MALE,,,NA
PAL0809,95,Adelie Penguin (Pygoscelis adeliae),Anvers,Dream,"Adult, 1 Egg Stage",N48A1,Yes,2008-11-17T00:00:00Z,,,,,FEMALE,,,NA
PAL0809,96,Adelie Penguin (Pygoscelis adeliae),Anvers,Dream,"Adult, 1 Egg Stage",N48A2,Yes,2008-11-17T00:00:00Z,,,,,MALE,,,NA
PAL0809,97,Adelie Penguin (Pygoscelis adeliae),Anvers,Dream,"Adult, 1 Egg Stage",N49A1,Yes,2008-11-08T00:00:00Z,,,,,FEMALE,,,NA
PAL0809,98,Adelie Penguin (Pygoscelis adeliae),Anvers,Dream,"Adult, 1 Egg Stage",N49A2,Yes,2008-11-08T00:00:00Z,,,,,MALE,,,NA
PAL0809,99,Adelie Penguin (Pygoscelis adeliae),Anvers,Dream,"Adult, 1 Egg Stage",N50A1,Yes,2008-11-10T00:00:00Z,,,,,FEMALE,,,NA
PAL0809,100,Adelie Penguin (Pygoscelis adeliae),Anvers,Dream,"Adult, 1 Egg Stage",N50A2,Yes,2008-11-10T00:00:00Z,,,,,MALE,,,NA
PAL0910,101,Adelie Penguin (Pygoscelis adeliae),Anvers,Biscoe,"Adult, 1 Egg Stage",N47A1,Yes,2009-11-09T00:00:00Z,,,,,FEMALE,,,NA
PAL0910,102,Adelie Penguin (Pygoscelis adeliae),Anvers,Biscoe,"Adult, 1 Egg Stage",N47A2,Yes,2009-11-09T00:00:00Z,,,,,MALE,,,NA
PAL0910,103,Adelie Penguin (Pygoscelis adeliae),Anvers,Biscoe,"Adult, 1 Egg Stage",N49A1,Yes,2009-11-15T00:00:00Z,,,,,FEMALE,,,NA
PAL0910,104,Adelie Penguin (Pygoscelis adeliae),Anvers,Biscoe,"Adult, 1 Egg Stage",N49A2,Yes,2009-11-15T00:00:00Z,,,,,MALE,,,NA
PAL0910,105,Adelie Penguin (Pygoscelis adeliae),Anvers,Biscoe,"Adult, 1 Egg Stage",N51A1,Yes,2009-11-15T00:00:00Z,,,,,FEMALE,,,NA
PAL0910,106,Adelie Penguin (Pygoscelis adeliae),Anvers,Biscoe,"Adult, 1 Egg Stage",N51A2,Yes,2009-11-15T00:00:00Z,,,,,MALE,,,NA
PAL0910,107,Adelie Penguin (Pygoscelis adeliae),Anvers,Biscoe,"Adult, 1 Egg Stage",N53A1,Yes,2009-11-15T00:00:00Z,,,,,FEMALE,,,NA
PAL0910,108,Adelie Penguin (Pygoscelis adeliae),Anvers,Biscoe,"Adult, 1 Egg Stage",N53A2,Yes,2009-11-15T00:00:00Z,,,,,MALE,,,NA
PAL0910,109,Adelie Penguin (Pygoscelis adeliae),Anvers,Biscoe,"Adult, 1 Egg Stage",N55A1,Yes,2009-11-20T00:00:00Z,,,,,FEMALE,,,NA
PAL0910,110,Adelie Penguin (Pygoscelis adeliae),Anvers,Biscoe,"Adult, 1 Egg Stage",N55A2,Yes,2009-11-20T00:00:00Z,,,,,MALE,,,NA
PAL0910,111,Adelie Penguin (Pygoscelis adeliae),Anvers,Biscoe,"Adult, 1 Egg Stage",N58A1,Yes,2009-11-12T00:00:00Z,,,,,FEMALE,,,NA
PAL0910,112,Adelie Penguin (Pygoscelis adeliae),Anvers,Biscoe,"Adult, 1 Egg Stage",N58A2,Yes,2009-11-12T00:00:00Z,,,,,MALE,,,NA
PAL0910,113,Adelie Penguin (Pygoscelis adeliae),Anvers,Biscoe,"Adult, 1 Egg Stage",N60A1,Yes,2009-11-15T00:00:00Z,,,,,FEMALE,,,NA
PAL0910,114,Adelie Penguin (Pygoscelis adeliae),Anvers,Biscoe,"Adult, 1 Egg Stage",N60A2,Yes,2009-11-15T00:00:00Z,,,,,MALE,,,NA
PAL0910,115,Adelie Penguin (Pygoscelis adeliae),Anvers,Biscoe,"Adult, 1 Egg Stage",N61A1,Yes,2009-11-17T00:00:00Z,,,,,FEMALE,,,NA
PAL0910,116,Adelie Penguin (Pygoscelis adeliae),Anvers,Biscoe,"Adult, 1 Egg Stage",N61A2,Yes,2009-11-17T00:00:00Z,,,,,MALE,,,NA
PAL0910,117,Adelie Penguin (Pygoscelis adeliae),Anvers,Torgersen,"Adult, 1 Egg Stage",N63A1,Yes,2009-11-18T00:00:00Z,,,,,FEMALE,,,NA
PAL0910,118,Adelie Penguin (Pygoscelis adeliae),Anvers,Torgersen,"Adult, 1 Egg Stage",N63A2,Yes,2009-11-18T00:00:00Z,,,,,MALE,,,NA
PAL0910,119,Adelie Penguin (Pygoscelis adeliae),Anvers,Torgersen,"Adult, 1 Egg Stage",N64A1,Yes,2009-11-22T00:00:00Z,,,,,FEMALE,,,NA
PAL0910,120,Adelie Penguin (Pygoscelis adeliae),Anvers,Torgersen,"Adult, 1 Egg Stage",N64A2,Yes,2009-11-22T00:00:00Z,,,,,MALE,,,NA
PAL0910,121,Adelie Penguin (Pygoscelis adeliae),Anvers,Torgersen,"Adult, 1 Egg Stage",N66A1,No,2009-11-17T00:00:00Z,,,,,FEMALE,,,Nest never observed with full clutch.
PAL0910,122,Adelie Penguin (Pygoscelis adeliae),Anvers,Torgersen,"Adult, 1 Egg Stage",N66A2,No,2009-11-17T00:00:00Z,,,,,MALE,,,Nest never observed with full clutch.
PAL0910,123,Adelie Penguin (Pygoscelis adeliae),Anvers,Torgersen,"Adult, 1 Egg Stage",N67A1,Yes,2009-11-16T00:00:00Z,,,,,FEMALE,,,NA
PAL0910,124,Adelie Penguin (Pygoscelis adeliae),Anvers,Torgersen,"Adult, 1 Egg Stage",N67A2,Yes,2009-11-16T00:00:00Z,,,,,MALE,,,NA
PAL0910,125,Adelie Penguin (Pygoscelis adeliae),Anvers,Torgersen,"Adult, 1 Egg Stage",N69A1,Yes,2009-11-18T00:00:00Z,,,,,FEMALE,,,NA
PAL0910,126,Adelie Penguin (Pygoscelis adeliae),Anvers,Torgersen,"Adult, 1 Egg Stage",N69A2,Yes,2009-11-18T00:00:00Z,,,,,MALE,,,NA
PAL0910,127,Adelie Penguin (Pygoscelis adeliae),Anvers,Torgersen,"Adult, 1 Egg Stage",N71A1,Yes,2009-11-21T00:00:00Z,,,,,FEMALE,,,NA
PAL0910,128,Adelie Penguin (Pygoscelis adeliae),Anvers,Torgersen,"Adult, 1 Egg Stage",N71A2,Yes,2009-11-21T00:00:00Z,,,,,MALE,,,NA
PAL0910,129,Adelie Penguin (Pygoscelis adeliae),Anvers,Torgersen,"Adult, 1 Egg Stage",N72A1,Yes,2009-11-18T00:00:00Z,,,,,FEMALE,,,NA
PAL0910,130,Adelie Penguin (Pygoscelis adeliae),Anvers,Torgersen,"Adult, 1 Egg Stage",N72A2,Yes,2009-11-18T00:00:00Z,,,,,MALE,,,NA
PAL0910,131,Adelie Penguin (Pygoscelis adeliae),Anvers,Torgersen,"Adult, 1 Egg Stage",N73A1,No,2009-11-23T00:00:00Z,,,,,FEMALE,,,Nest never observed with full clutch.
PAL0910,132,Adelie Penguin (Pygoscelis adeliae),Anvers,Torgersen,"Adult, 1 Egg Stage",N73A2,No,2009-11-23T00:00:00Z,,,,,MALE,,,Nest never observed with full clutch.
PAL0910,133,Adelie Penguin (Pygoscelis adeliae),Anvers,Dream,"Adult, 1 Egg Stage",N76A1,Yes,2009-11-10T00:00:00Z,,,,,FEMALE,,,NA
PAL0910,134,Adelie Penguin (Pygoscelis adeliae),Anvers,Dream,"Adult, 1 Egg Stage",N76A2,Yes,2009-11-10T00:00:00Z,,,,,MALE,,,NA
PAL0910,135,Adelie Penguin (Pygoscelis adeliae),Anvers,Dream,"Adult, 1 Egg Stage",N77A1,Yes,2009-11-13T00:00:00Z,,,,,FEMALE,,,NA
PAL0910,136,Adelie Penguin (Pygoscelis adeliae),Anvers,Dream,"Adult, 1 Egg Stage",N77A2,Yes,2009-11-13T00:00:00Z,,,,,MALE,,,NA
PAL0910,137,Adelie Penguin (Pygoscelis adeliae),Anvers,Dream,"Adult, 1 Egg Stage",N78A1,Yes,2009-11-16T00:00:00Z,,,,,FEMALE,,,NA
PAL0910,138,Adelie Penguin (Pygoscelis adeliae),Anvers,Dream,"Adult, 1 Egg Stage",N78A2,Yes,2009-11-16T00:00:00Z,,,,,MALE,,,NA
PAL0910,139,Adelie Penguin (Pygoscelis adeliae),Anvers,Dream,"Adult, 1 Egg Stage",N79A1,No,2009-11-16T00:00:00Z,,,,,FEMALE,,,Nest never observed with full clutch.
PAL0910,140,Adelie Penguin (Pygoscelis adeliae),Anvers,Dream,"Adult, 1 Egg Stage",N79A2,No,2009-11-16T00:00:00Z,,,,,MALE,,,Nest never observed with full clutch.
PAL0910,141,Adelie Penguin (Pygoscelis adeliae),Anvers,Dream,"Adult, 1 Egg Stage",N80A1,Yes,2009-11-14T00:00:00Z,,,,,FEMALE,,,NA
PAL0910,142,Adelie Penguin (Pygoscelis adeliae),Anvers,Dream,"Adult, 1 Egg Stage",N80A2,Yes,2009-11-14T00:00:00Z,,,,,MALE,,,NA
PAL0910,143,Adelie Penguin (Pygoscelis adeliae),Anvers,Dream,"Adult, 1 Egg Stage",N81A1,Yes,2009-11-16T00:00:00Z,,,,,FEMALE,,,NA
PAL0910,144,Adelie Penguin (Pygoscelis adeliae),Anvers,Dream,"Adult, 1 Egg Stage",N81A2,Yes,2009-11-16T00:00:00Z,,,,,MALE,,,NA
PAL0910,145,Adelie Penguin (Pygoscelis adeliae),Anvers,Dream,"Adult, 1 Egg Stage",N82A1,Yes,2009-11-16T00:00:00Z,,,,,FEMALE,,,NA
PAL0910,146,Adelie Penguin (Pygoscelis adeliae),Anvers,Dream,"Adult, 1 Egg Stage",N82A2,Yes,2009-11-16T00:00:00Z,,,,,MALE,,,NA
PAL0910,147,Adelie Penguin (Pygoscelis adeliae),Anvers,Dream,"Adult, 1 Egg Stage",N83A1,Yes,2009-11-13T00:00:00Z,,,,,MALE,,,NA
PAL0910,148,Adelie Penguin (Pygoscelis adeliae),Anvers,Dream,"Adult, 1 Egg Stage",N83A2,Yes,2009-11-13T00:00:00Z,,,,,FEMALE,,,NA
PAL0910,149,Adelie Penguin (Pygoscelis adeliae),Anvers,Dream,"Adult, 1 Egg Stage",N84A1,Yes,2009-11-17T00:00:00Z,,,,,FEMALE,,,NA
PAL0910,150,Adelie Penguin (Pygoscelis adeliae),Anvers,Dream,"Adult, 1 Egg Stage",N84A2,Yes,2009-11-17T00:00:00Z,,,,,MALE,,,NA
PAL0910,151,Adelie Penguin (Pygoscelis adeliae),Anvers,Dream,"Adult, 1 Egg Stage",N85A1,Yes,2009-11-17T00:00:00Z,,,,,FEMALE,,,NA
PAL0910,152,Adelie Penguin (Pygoscelis adeliae),Anvers,Dream,"Adult, 1 Egg Stage",N85A2,Yes,2009-11-17T00:00:00Z,,,,,MALE,,,NA
PAL0708,1,Gentoo penguin (Pygoscelis papua),Anvers,Biscoe,"Adult, 1 Egg Stage",N31A1,Yes,2007-11-27T00:00:00Z,,,,,FEMALE,,,NA
PAL0708,2,Gentoo penguin (Pygoscelis papua),Anvers,Biscoe,"Adult, 1 Egg Stage",N31A2,Yes,2007-11-27T00:00:00Z,,,,,MALE,,,NA
PAL0708,3,Gentoo penguin (Pygoscelis papua),Anvers,Biscoe,"Adult, 1 Egg Stage",N32A1,Yes,2007-11-27T00:00:00Z,,,,,FEMALE,,,NA
PAL0708,4,Gentoo penguin (Pygoscelis papua),Anvers,Biscoe,"Adult, 1 Egg Stage",N32A2,Yes,2007-11-27T00:00:00Z,,,,,MALE,,,NA
PAL0708,5,Gentoo penguin (Pygoscelis papua),Anvers,Biscoe,"Adult, 1 Egg Stage",N33A1,Yes,2007-11-18T00:00:00Z,,,,,MALE,,,NA
PAL0708,6,Gentoo penguin (Pygoscelis papua),Anvers,Biscoe,"Adult, 1 Egg Stage",N33A2,Yes,2007-11-18T00:00:00Z,,,,,FEMALE,,,NA
PAL0708,7,Gentoo penguin (Pygoscelis papua),Anvers,Biscoe,"Adult, 1 Egg Stage",N34A1,Yes,2007-11-27T00:00:00Z,,,,,FEMALE,,,NA
PAL0708,8,Gentoo penguin (Pygoscelis papua),Anvers,Biscoe,"Adult, 1 Egg Stage",N34A2,Yes,2007-11-27T00:00:00Z,,,,,MALE,,,NA
PAL0708,9,Gentoo penguin (Pygoscelis papua),Anvers,Biscoe,"Adult, 1 Egg Stage",N35A1,Yes,2007-11-27T00:00:00Z,,,,,FEMALE,,,NA
PAL0708,10,Gentoo penguin (Pygoscelis papua),Anvers,Biscoe,"Adult, 1 Egg Stage",N35A2,Yes,2007-11-27T00:00:00Z,,,,,MALE,,,NA
PAL0708,11,Gentoo penguin (Pygoscelis papua),Anvers,Biscoe,"Adult, 1 Egg Stage",N36A1,No,2007-11-27T00:00:00Z,,,,,FEMALE,,,Nest never observed with full clutch.
PAL0708,12,Gentoo penguin (Pygoscelis papua),Anvers,Biscoe,"Adult, 1 Egg Stage",N36A2,No,2007-11-27T00:00:00Z,,,,,MALE,,,Nest never observed with full clutch.
PAL0708,13,Gentoo penguin (Pygoscelis papua),Anvers,Biscoe,"Adult, 1 Egg Stage",N37A1,Yes,2007-11-29T00:00:00Z,,,,,FEMALE,,,NA
PAL0708,14,Gentoo penguin (Pygoscelis papua),Anvers,Biscoe,"Adult, 1 Egg Stage",N37A2,Yes,2007-11-29T00:00:00Z,,,,,MALE,,,NA
PAL0708,15,Gentoo penguin (Pygoscelis papua),Anvers,Biscoe,"Adult, 1 Egg Stage",N38A1,Yes,2007-12-03T00:00:00Z,,,,,FEMALE,,,NA
PAL0708,16,Gentoo penguin (Pygoscelis papua),Anvers,Biscoe,"Adult, 1 Egg Stage",N38A2,Yes,2007-12-03T00:00:00Z,,,,,MALE,,,NA
PAL0708,17,Gentoo penguin (Pygoscelis papua),Anvers,Biscoe,"Adult, 1 Egg Stage",N39A1,Yes,2007-11-27T00:00:00Z,,,,,FEMALE,,,NA
PAL0708,18,Gentoo penguin (Pygoscelis papua),Anvers,Biscoe,"Adult, 1 Egg Stage",N39A2,Yes,2007-11-27T00:00:00Z,,,,,MALE,,,NA
PAL0708,19,Gentoo penguin (Pygoscelis papua),Anvers,Biscoe,"Adult, 1 Egg Stage",N40A1,Yes,2007-11-27T00:00:00Z,,,,,FEMALE,,,NA
PAL0708,20,Gentoo penguin (Pygoscelis papua),Anvers,Biscoe,"Adult, 1 Egg Stage",N40A2,Yes,2007-11-27T00:00:00Z,,,,,MALE,,,NA
PAL0708,21,Gentoo penguin (Pygoscelis papua),Anvers,Biscoe,"Adult, 1 Egg Stage",N41A1,Yes,2007-11-27T00:00:00Z,,,,,MALE,,,NA
PAL0708,22,Gentoo penguin (Pygoscelis papua),Anvers,Biscoe,"Adult, 1 Egg Stage",N41A2,Yes,2007-11-27T00:00:00Z,,,,,FEMALE,,,NA
PAL0708,23,Gentoo penguin (Pygoscelis papua),Anvers,Biscoe,"Adult, 1 Egg Stage",N42A1,Yes,2007-11-27T00:00:00Z,,,,,FEMALE,,,NA
PAL0708,24,Gentoo penguin (Pygoscelis papua),Anvers,Biscoe,"Adult, 1 Egg Stage",N42A2,Yes,2007-11-27T00:00:00Z,,,,,MALE,,,NA
PAL0708,25,Gentoo penguin (Pygoscelis papua),Anvers,Biscoe,"Adult, 1 Egg Stage",N44A1,Yes,2007-11-29T00:00:00Z,,,,,FEMALE,,,NA
PAL0708,26,Gentoo penguin (Pygoscelis papua),Anvers,Biscoe,"Adult, 1 Egg Stage",N44A2,Yes,2007-11-29T00:00:00Z,,,,,MALE,,,NA
PAL0708,27,Gentoo penguin (Pygoscelis papua),Anvers,Biscoe,"Adult, 1 Egg Stage",N46A1,Yes,2007-11-29T00:00:00Z,,,,,NA,,,Sexing primers did not amplify.
PAL0708,28,Gentoo penguin (Pygoscelis papua),Anvers,Biscoe,"Adult, 1 Egg Stage",N46A2,Yes,2007-11-29T00:00:00Z,,,,,MALE,,,NA
PAL0708,29,Gentoo penguin (Pygoscelis papua),Anvers,Biscoe,"Adult, 1 Egg Stage",N47A1,Yes,2007-11-29T00:00:00Z,,,,,FEMALE,,,NA
PAL0708,30,Gentoo penguin (Pygoscelis papua),Anvers,Biscoe,"Adult, 1 Egg Stage",N47A2,Yes,2007-11-29T00:00:00Z,,,,,MALE,,,NA
PAL0708,31,Gentoo penguin (Pygoscelis papua),Anvers,Biscoe,"Adult, 1 Egg Stage",N50A1,Yes,2007-11-29T00:00:00Z,,,,,MALE,,,Not enough blood for isotopes.
PAL0708,32,Gentoo penguin (Pygoscelis papua),Anvers,Biscoe,"Adult, 1 Egg Stage",N50A2,Yes,2007-11-29T00:00:00Z,,,,,FEMALE,,,NA
PAL0708,33,Gentoo penguin (Pygoscelis papua),Anvers,Biscoe,"Adult, 1 Egg Stage",N56A1,Yes,2007-12-03T00:00:00Z,,,,,FEMALE,,,NA
PAL0708,34,Gentoo penguin (Pygoscelis papua),Anvers,Biscoe,"Adult, 1 Egg Stage",N56A2,Yes,2007-12-03T00:00:00Z,,,,,MALE,,,NA
PAL0809,35,Gentoo penguin (Pygoscelis papua),Anvers,Biscoe,"Adult, 1 Egg Stage",N2A1,Yes,2008-11-13T00:00:00Z,,,,,FEMALE,,,NA
PAL0809,36,Gentoo penguin (Pygoscelis papua),Anvers,Biscoe,"Adult, 1 Egg Stage",N2A2,Yes,2008-11-13T00:00:00Z,,,,,MALE,,,NA
PAL0809,37,Gentoo penguin (Pygoscelis papua),Anvers,Biscoe,"Adult, 1 Egg Stage",N4A1,Yes,2008-11-02T00:00:00Z,,,,,FEMALE,,,NA
PAL0809,38,Gentoo penguin (Pygoscelis papua),Anvers,Biscoe,"Adult, 1 Egg Stage",N4A2,Yes,2008-11-02T00:00:00Z,,,,,MALE,,,NA
PAL0809,39,Gentoo penguin (Pygoscelis papua),Anvers,Biscoe,"Adult, 1 Egg Stage",N5A1,Yes,2008-11-09T00:00:00Z,,,,,FEMALE,,,NA
PAL0809,40,Gentoo penguin (Pygoscelis papua),Anvers,Biscoe,"Adult, 1 Egg Stage",N5A2,Yes,2008-11-09T00:00:00Z,,,,,MALE,,,NA
PAL0809,41,Gentoo penguin (Pygoscelis papua),Anvers,Biscoe,"Adult, 1 Egg Stage",N6A1,No,2008-11-04T00:00:00Z,,,,,FEMALE,,,Nest never observed with full clutch.
PAL0809,42,Gentoo penguin (Pygoscelis papua),Anvers,Biscoe,"Adult, 1 Egg Stage",N6A2,No,2008-11-04T00:00:00Z,,,,,MALE,,,Nest never observed with full clutch.
PAL0809,43,Gentoo penguin (Pygoscelis papua),Anvers,Biscoe,"Adult, 1 Egg Stage",N7A1,Yes,2008-11-04T00:00:00Z,,,,,FEMALE,,,NA
PAL0809,44,Gentoo penguin (Pygoscelis papua),Anvers,Biscoe,"Adult, 1 Egg Stage",N7A2,Yes,2008-11-04T00:00:00Z,,,,,MALE,,,NA
PAL0809,45,Gentoo penguin (Pygoscelis papua),Anvers,Biscoe,"Adult, 1 Egg Stage",N8A1,Yes,2008-11-03T00:00:00Z,,,,,MALE,,,NA
PAL0809,46,Gentoo penguin (Pygoscelis papua),Anvers,Biscoe,"Adult, 1 Egg Stage",N8A2,Yes,2008-11-03T00:00:00Z,,,,,FEMALE,,,NA
PAL0809,47,Gentoo penguin (Pygoscelis papua),Anvers,Biscoe,"Adult, 1 Egg Stage",N11A1,No,2008-11-09T00:00:00Z,,,,,FEMALE,,,Nest never observed with full clutch.
PAL0809,48,Gentoo penguin (Pygoscelis papua),Anvers,Biscoe,"Adult, 1 Egg Stage",N11A2,No,2008-11-09T00:00:00Z,,,,,MALE,,,Nest never observed with full clutch.
PAL0809,49,Gentoo penguin (Pygoscelis papua),Anvers,Biscoe,"Adult, 1 Egg Stage",N12A1,Yes,2008-11-02T00:00:00Z,,,,,FEMALE,,,NA
PAL0809,50,Gentoo penguin (Pygoscelis papua),Anvers,Biscoe,"Adult, 1 Egg Stage",N12A2,Yes,2008-11-02T00:00:00Z,,,,,MALE,,,NA
PAL0809,51,Gentoo penguin (Pygoscelis papua),Anvers,Biscoe,"Adult, 1 Egg Stage",N13A1,Yes,2008-11-04T00:00:00Z,,,,,FEMALE,,,NA
PAL0809,52,Gentoo penguin (Pygoscelis papua),Anvers,Biscoe,"Adult, 1 Egg Stage",N13A2,Yes,2008-11-04T00:00:00Z,,,,,MALE,,,NA
PAL0809,53,Gentoo penguin (Pygoscelis papua),Anvers,Biscoe,"Adult, 1 Egg Stage",N14A1,Yes,2008-11-04T00:00:00Z,,,,,FEMALE,,,NA
PAL0809,54,Gentoo penguin (Pygoscelis papua),Anvers,Biscoe,"Adult, 1 Egg Stage",N14A2,Yes,2008-11-04T00:00:00Z,,,,,MALE,,,NA
PAL0809,55,Gentoo penguin (Pygoscelis papua),Anvers,Biscoe,"Adult, 1 Egg Stage",N15A1,Yes,2008-11-04T00:00:00Z,,,,,FEMALE,,,NA
PAL0809,56,Gentoo penguin (Pygoscelis papua),Anvers,Biscoe,"Adult, 1 Egg Stage",N15A2,Yes,2008-11-04T00:00:00Z,,,,,MALE,,,NA
PAL0809,57,Gentoo penguin (Pygoscelis papua),Anvers,Biscoe,"Adult, 1 Egg Stage",N16A1,Yes,2008-11-03T00:00:00Z,,,,,FEMALE,,,NA
PAL0809,58,Gentoo penguin (Pygoscelis papua),Anvers,Biscoe,"Adult, 1 Egg Stage",N16A2,Yes,2008-11-03T00:00:00Z,,,,,MALE,,,NA
PAL0809,59,Gentoo penguin (Pygoscelis papua),Anvers,Biscoe,"Adult, 1 Egg Stage",N17A1,Yes,2008-11-06T00:00:00Z,,,,,FEMALE,,,NA
PAL0809,60,Gentoo penguin (Pygoscelis papua),Anvers,Biscoe,"Adult, 1 Egg Stage",N17A2,Yes,2008-11-06T00:00:00Z,,,,,MALE,,,NA
PAL0809,61,Gentoo penguin (Pygoscelis papua),Anvers,Biscoe,"Adult, 1 Egg Stage",N18A1,Yes,2008-11-03T00:00:00Z,,,,,FEMALE,,,NA
PAL0809,62,Gentoo penguin (Pygoscelis papua),Anvers,Biscoe,"Adult, 1 Egg Stage",N18A2,Yes,2008-11-03T00:00:00Z,,,,,MALE,,,NA
PAL0809,63,Gentoo penguin (Pygoscelis papua),Anvers,Biscoe,"Adult, 1 Egg Stage",N19A1,Yes,2008-11-13T00:00:00Z,,,,,FEMALE,,,NA
PAL0809,64,Gentoo penguin (Pygoscelis papua),Anvers,Biscoe,"Adult, 1 Egg Stage",N19A2,Yes,2008-11-13T00:00:00Z,,,,,MALE,,,NA
PAL0809,65,Gentoo penguin (Pygoscelis papua),Anvers,Biscoe,"Adult, 1 Egg Stage",N20A1,Yes,2008-11-04T00:00:00Z,,,,,FEMALE,,,NA
PAL0809,66,Gentoo penguin (Pygoscelis papua),Anvers,Biscoe,"Adult, 1 Egg Stage",N20A2,Yes,2008-11-04T00:00:00Z,,,,,MALE,,,NA
PAL0809,67,Gentoo penguin (Pygoscelis papua),Anvers,Biscoe,"Adult, 1 Egg Stage",N51A1,Yes,2008-11-09T00:00:00Z,,,,,NA,,,Sexing primers did not amplify.
PAL0809,68,Gentoo penguin (Pygoscelis papua),Anvers,Biscoe,"Adult, 1 Egg Stage",N51A2,Yes,2008-11-09T00:00:00Z,,,,,MALE,,,NA
PAL0809,69,Gentoo penguin (Pygoscelis papua),Anvers,Biscoe,"Adult, 1 Egg Stage",N53A1,Yes,2008-11-13T00:00:00Z,,,,,FEMALE,,,NA
PAL0809,70,Gentoo penguin (Pygoscelis papua),Anvers,Biscoe,"Adult, 1 Egg Stage",N53A2,Yes,2008-11-13T00:00:00Z,,,,,MALE,,,NA
PAL0809,71,Gentoo penguin (Pygoscelis papua),Anvers,Biscoe,"Adult, 1 Egg Stage",N54A1,Yes,2008-11-03T00:00:00Z,,,,,FEMALE,,,NA
PAL0809,72,Gentoo penguin (Pygoscelis papua),Anvers,Biscoe,"Adult, 1 Egg Stage",N54A2,Yes,2008-11-03T00:00:00Z,,,,,MALE,,,NA
PAL0809,73,Gentoo penguin (Pygoscelis papua),Anvers,Biscoe,"Adult, 1 Egg Stage",N55A1,Yes,2008-11-09T00:00:00Z,,,,,MALE,,,NA
PAL0809,74,Gentoo penguin (Pygoscelis papua),Anvers,Biscoe,"Adult, 1 Egg Stage",N55A2,Yes,2008-11-09T00:00:00Z,,,,,FEMALE,,,NA
PAL0809,75,Gentoo penguin (Pygoscelis papua),Anvers,Biscoe,"Adult, 1 Egg Stage",N56A1,Yes,2008-11-06T00:00:00Z,,,,,FEMALE,,,NA
PAL0809,76,Gentoo penguin (Pygoscelis papua),Anvers,Biscoe,"Adult, 1 Egg Stage",N56A2,Yes,2008-11-06T00:00:00Z,,,,,MALE,,,NA
PAL0809,77,Gentoo penguin (Pygoscelis papua),Anvers,Biscoe,"Adult, 1 Egg Stage",N58A1,Yes,2008-11-06T00:00:00Z,,,,,FEMALE,,,NA
PAL0809,78,Gentoo penguin (Pygoscelis papua),Anvers,Biscoe,"Adult, 1 Egg Stage",N58A2,Yes,2008-11-06T00:00:00Z,,,,,MALE,,,NA
PAL0809,79,Gentoo penguin (Pygoscelis papua),Anvers,Biscoe,"Adult, 1 Egg Stage",N60A1,Yes,2008-11-09T00:00:00Z,,,,,FEMALE,,,NA
PAL0809,80,Gentoo penguin (Pygoscelis papua),Anvers,Biscoe,"Adult, 1 Egg Stage",N60A2,Yes,2008-11-09T00:00:00Z,,,,,MALE,,,NA
PAL0910,81,Gentoo penguin (Pygoscelis papua),Anvers,Biscoe,"Adult, 1 Egg Stage",N1A1,Yes,2009-11-18T00:00:00Z,,,,,FEMALE,,,NA
PAL0910,82,Gentoo penguin (Pygoscelis papua),Anvers,Biscoe,"Adult, 1 Egg Stage",N1A2,Yes,2009-11-18T00:00:00Z,,,,,MALE,,,NA
PAL0910,83,Gentoo penguin (Pygoscelis papua),Anvers,Biscoe,"Adult, 1 Egg Stage",N6A1,Yes,2009-11-15T00:00:00Z,,,,,FEMALE,,,NA
PAL0910,84,Gentoo penguin (Pygoscelis papua),Anvers,Biscoe,"Adult, 1 Egg Stage",N6A2,Yes,2009-11-15T00:00:00Z,,,,,MALE,,,NA
PAL0910,85,Gentoo penguin (Pygoscelis papua),Anvers,Biscoe,"Adult, 1 Egg Stage",N8A1,Yes,2009-11-22T00:00:00Z,,,,,FEMALE,,,NA
PAL0910,86,Gentoo penguin (Pygoscelis papua),Anvers,Biscoe,"Adult, 1 Egg Stage",N8A2,Yes,2009-11-22T00:00:00Z,,,,,MALE,,,NA
PAL0910,87,Gentoo penguin (Pygoscelis papua),Anvers,Biscoe,"Adult, 1 Egg Stage",N13A1,Yes,2009-11-20T00:00:00Z,,,,,FEMALE,,,NA
PAL0910,88,Gentoo penguin (Pygoscelis papua),Anvers,Biscoe,"Adult, 1 Egg Stage",N13A2,Yes,2009-11-20T00:00:00Z,,,,,MALE,,,NA
PAL0910,89,Gentoo penguin (Pygoscelis papua),Anvers,Biscoe,"Adult, 1 Egg Stage",N14A1,Yes,2009-11-25T00:00:00Z,,,,,FEMALE,,,NA
PAL0910,90,Gentoo penguin (Pygoscelis papua),Anvers,Biscoe,"Adult, 1 Egg Stage",N14A2,Yes,2009-11-25T00:00:00Z,,,,,MALE,,,NA
PAL0910,91,Gentoo penguin (Pygoscelis papua),Anvers,Biscoe,"Adult, 1 Egg Stage",N15A1,Yes,2009-11-25T00:00:00Z,,,,,FEMALE,,,NA
PAL0910,92,Gentoo penguin (Pygoscelis papua),Anvers,Biscoe,"Adult, 1 Egg Stage",N15A2,Yes,2009-11-25T00:00:00Z,,,,,MALE,,,NA
PAL0910,93,Gentoo penguin (Pygoscelis papua),Anvers,Biscoe,"Adult, 1 Egg Stage",N18A1,Yes,2009-12-01T00:00:00Z,,,,,FEMALE,,,NA
PAL0910,94,Gentoo penguin (Pygoscelis papua),Anvers,Biscoe,"Adult, 1 Egg Stage",N18A2,Yes,2009-12-01T00:00:00Z,,,,,MALE,,,NA
PAL0910,95,Gentoo penguin (Pygoscelis papua),Anvers,Biscoe,"Adult, 1 Egg Stage",N19A1,Yes,2009-11-27T00:00:00Z,,,,,FEMALE,,,NA
PAL0910,96,Gentoo penguin (Pygoscelis papua),Anvers,Biscoe,"Adult, 1 Egg Stage",N19A2,Yes,2009-11-27T00:00:00Z,,,,,MALE,,,NA
PAL0910,97,Gentoo penguin (Pygoscelis papua),Anvers,Biscoe,"Adult, 1 Egg Stage",N20A1,Yes,2009-11-18T00:00:00Z,,,,,MALE,,,NA
PAL0910,98,Gentoo penguin (Pygoscelis papua),Anvers,Biscoe,"Adult, 1 Egg Stage",N20A2,Yes,2009-11-18T00:00:00Z,,,,,FEMALE,,,NA
PAL0910,99,Gentoo penguin (Pygoscelis papua),Anvers,Biscoe,"Adult, 1 Egg Stage",N21A1,Yes,2009-11-18T00:00:00Z,,,,,FEMALE,,,NA
PAL0910,100,Gentoo penguin (Pygoscelis papua),Anvers,Biscoe,"Adult, 1 Egg Stage",N21A2,Yes,2009-11-18T00:00:00Z,,,,,MALE,,,NA
PAL0910,101,Gentoo penguin (Pygoscelis papua),Anvers,Biscoe,"Adult, 1 Egg Stage",N22A1,Yes,2009-11-22T00:00:00Z,,,,,FEMALE,,,NA
PAL0910,102,Gentoo penguin (Pygoscelis papua),Anvers,Biscoe,"Adult, 1 Egg Stage",N22A2,Yes,2009-11-22T00:00:00Z,,,,,MALE,,,NA
PAL0910,103,Gentoo penguin (Pygoscelis papua),Anvers,Biscoe,"Adult, 1 Egg Stage",N23A1,Yes,2009-11-18T00:00:00Z,,,,,FEMALE,,,NA
PAL0910,104,Gentoo penguin (Pygoscelis papua),Anvers,Biscoe,"Adult, 1 Egg Stage",N23A2,Yes,2009-11-18T00:00:00Z,,,,,MALE,,,NA
PAL0910,105,Gentoo penguin (Pygoscelis papua),Anvers,Biscoe,"Adult, 1 Egg Stage",N24A1,Yes,2009-12-01T00:00:00Z,,,,,NA,,,Sexing primers did not amplify.
PAL0910,106,Gentoo penguin (Pygoscelis papua),Anvers,Biscoe,"Adult, 1 Egg Stage",N24A2,Yes,2009-12-01T00:00:00Z,,,,,MALE,,,NA
PAL0910,107,Gentoo penguin (Pygoscelis papua),Anvers,Biscoe,"Adult, 1 Egg Stage",N28A1,Yes,2009-11-10T00:00:00Z,,,,,FEMALE,,,NA
PAL0910,108,Gentoo penguin (Pygoscelis papua),Anvers,Biscoe,"Adult, 1 Egg Stage",N28A2,Yes,2009-11-10T00:00:00Z,,,,,MALE,,,NA
PAL0910,109,Gentoo penguin (Pygoscelis papua),Anvers,Biscoe,"Adult, 1 Egg Stage",N29A1,Yes,2009-11-09T00:00:00Z,,,,,FEMALE,,,NA
PAL0910,110,Gentoo penguin (Pygoscelis papua),Anvers,Biscoe,"Adult, 1 Egg Stage",N29A2,Yes,2009-11-09T00:00:00Z,,,,,MALE,,,NA
PAL0910,111,Gentoo penguin (Pygoscelis papua),Anvers,Biscoe,"Adult, 1 Egg Stage",N32A1,Yes,2009-11-20T00:00:00Z,,,,,FEMALE,,,NA
PAL0910,112,Gentoo penguin (Pygoscelis papua),Anvers,Biscoe,"Adult, 1 Egg Stage",N32A2,Yes,2009-11-20T00:00:00Z,,,,,MALE,,,NA
PAL0910,113,Gentoo penguin (Pygoscelis papua),Anvers,Biscoe,"Adult, 1 Egg Stage",N34A1,Yes,2009-11-27T00:00:00Z,,,,,FEMALE,,,NA
PAL0910,114,Gentoo penguin (Pygoscelis papua),Anvers,Biscoe,"Adult, 1 Egg Stage",N34A2,Yes,2009-11-27T00:00:00Z,,,,,MALE,,,NA
PAL0910,115,Gentoo penguin (Pygoscelis papua),Anvers,Biscoe,"Adult, 1 Egg Stage",N35A1,Yes,2009-11-25T00:00:00Z,,,,,FEMALE,,,NA
PAL0910,116,Gentoo penguin (Pygoscelis papua),Anvers,Biscoe,"Adult, 1 Egg Stage",N35A2,Yes,2009-11-25T00:00:00Z,,,,,MALE,,,NA
PAL0910,117,Gentoo penguin (Pygoscelis papua),Anvers,Biscoe,"Adult, 1 Egg Stage",N36A1,Yes,2009-12-01T00:00:00Z,,,,,NA,,,Sexing primers did not amplify.
PAL0910,118,Gentoo penguin (Pygoscelis papua),Anvers,Biscoe,"Adult, 1 Egg Stage",N36A2,Yes,2009-12-01T00:00:00Z,,,,,MALE,,,NA
PAL0910,119,Gentoo penguin (Pygoscelis papua),Anvers,Biscoe,"Adult, 1 Egg Stage",N38A1,No,2009-12-01T00:00:00Z,,,,,FEMALE,,,Nest never observed with full clutch.
PAL0910,120,Gentoo penguin (Pygoscelis papua),Anvers,Biscoe,"Adult, 1 Egg Stage",N38A2,No,2009-12-01T00:00:00Z,,,,,NA,,,Adult not sampled. Nest never observed with full clutch.
PAL0910,121,Gentoo penguin (Pygoscelis papua),Anvers,Biscoe,"Adult, 1 Egg Stage",N39A1,Yes,2009-11-22T00:00:00Z,,,,,FEMALE,,,NA
PAL0910,122,Gentoo penguin (Pygoscelis papua),Anvers,Biscoe,"Adult, 1 Egg Stage",N39A2,Yes,2009-11-22T00:00:00Z,,,,,MALE,,,NA
PAL0910,123,Gentoo penguin (Pygoscelis papua),Anvers,Biscoe,"Adult, 1 Egg Stage",N43A1,Yes,2009-11-22T00:00:00Z,,,,,FEMALE,,,NA
PAL0910,124,Gentoo penguin (Pygoscelis papua),Anvers,Biscoe,"Adult, 1 Egg Stage",N43A2,Yes,2009-11-22T00:00:00Z,,,,,MALE,,,NA
PAL0708,1,Chinstrap penguin (Pygoscelis antarctica),Anvers,Dream,"Adult, 1 Egg Stage",N61A1,No,2007-11-19T00:00:00Z,,,,,FEMALE,,,Nest never observed with full clutch.
PAL0708,2,Chinstrap penguin (Pygoscelis antarctica),Anvers,Dream,"Adult, 1 Egg Stage",N61A2,No,2007-11-19T00:00:00Z,,,,,MALE,,,Nest never observed with full clutch.
PAL0708,3,Chinstrap penguin (Pygoscelis antarctica),Anvers,Dream,"Adult, 1 Egg Stage",N62A1,Yes,2007-11-26T00:00:00Z,,,,,MALE,,,NA
PAL0708,4,Chinstrap penguin (Pygoscelis antarctica),Anvers,Dream,"Adult, 1 Egg Stage",N62A2,Yes,2007-11-26T00:00:00Z,,,,,FEMALE,,,NA
PAL0708,5,Chinstrap penguin (Pygoscelis antarctica),Anvers,Dream,"Adult, 1 Egg Stage",N64A1,Yes,2007-11-21T00:00:00Z,,,,,MALE,,,NA
PAL0708,6,Chinstrap penguin (Pygoscelis antarctica),Anvers,Dream,"Adult, 1 Egg Stage",N64A2,Yes,2007-11-21T00:00:00Z,,,,,FEMALE,,,NA
PAL0708,7,Chinstrap penguin (Pygoscelis antarctica),Anvers,Dream,"Adult, 1 Egg Stage",N66A1,Yes,2007-11-28T00:00:00Z,,,,,FEMALE,,,NA
PAL0708,8,Chinstrap penguin (Pygoscelis antarctica),Anvers,Dream,"Adult, 1 Egg Stage",N66A2,Yes,2007-11-28T00:00:00Z,,,,,MALE,,,NA
PAL0708,9,Chinstrap penguin (Pygoscelis antarctica),Anvers,Dream,"Adult, 1 Egg Stage",N67A1,Yes,2007-11-21T00:00:00Z,,,,,FEMALE,,,NA
PAL0708,10,Chinstrap penguin (Pygoscelis antarctica),Anvers,Dream,"Adult, 1 Egg Stage",N67A2,Yes,2007-11-21T00:00:00Z,,,,,MALE,,,NA
PAL0708,11,Chinstrap penguin (Pygoscelis antarctica),Anvers,Dream,"Adult, 1 Egg Stage",N68A1,Yes,2007-11-28T00:00:00Z,,,,,FEMALE,,,NA
PAL0708,12,Chinstrap penguin (Pygoscelis antarctica),Anvers,Dream,"Adult, 1 Egg Stage",N68A2,Yes,2007-11-28T00:00:00Z,,,,,MALE,,,NA
PAL0708,13,Chinstrap penguin (Pygoscelis antarctica),Anvers,Dream,"Adult, 1 Egg Stage",N69A1,Yes,2007-11-26T00:00:00Z,,,,,FEMALE,,,NA
PAL0708,14,Chinstrap penguin (Pygoscelis antarctica),Anvers,Dream,"Adult, 1 Egg Stage",N69A2,Yes,2007-11-26T00:00:00Z,,,,,MALE,,,NA
PAL0708,15,Chinstrap penguin (Pygoscelis antarctica),Anvers,Dream,"Adult, 1 Egg Stage",N70A1,Yes,2007-11-22T00:00:00Z,,,,,FEMALE,,,NA
PAL0708,16,Chinstrap penguin (Pygoscelis antarctica),Anvers,Dream,"Adult, 1 Egg Stage",N70A2,Yes,2007-11-22T00:00:00Z,,,,,MALE,,,NA
PAL0708,17,Chinstrap penguin (Pygoscelis antarctica),Anvers,Dream,"Adult, 1 Egg Stage",N71A1,No,2007-11-30T00:00:00Z,,,,,MALE,,,Nest never observed with full clutch.
PAL0708,18,Chinstrap penguin (Pygoscelis antarctica),Anvers,Dream,"Adult, 1 Egg Stage",N71A2,No,2007-11-30T00:00:00Z,,,,,FEMALE,,,Nest never observed with full clutch.
PAL0708,19,Chinstrap penguin (Pygoscelis antarctica),Anvers,Dream,"Adult, 1 Egg Stage",N72A1,Yes,2007-11-30T00:00:00Z,,,,,FEMALE,,,NA
PAL0708,20,Chinstrap penguin (Pygoscelis antarctica),Anvers,Dream,"Adult, 1 Egg Stage",N72A2,Yes,2007-11-30T00:00:00Z,,,,,MALE,,,NA
PAL0708,21,Chinstrap penguin (Pygoscelis antarctica),Anvers,Dream,"Adult, 1 Egg Stage",N73A1,Yes,2007-12-03T00:00:00Z,,,,,FEMALE,,,NA
PAL0708,22,Chinstrap penguin (Pygoscelis antarctica),Anvers,Dream,"Adult, 1 Egg Stage",N73A2,Yes,2007-12-03T00:00:00Z,,,,,MALE,,,NA
PAL0708,23,Chinstrap penguin (Pygoscelis antarctica),Anvers,Dream,"Adult, 1 Egg Stage",N85A1,No,2007-11-28T00:00:00Z,,,,,FEMALE,,,Nest never observed with full clutch.
PAL0708,24,Chinstrap penguin (Pygoscelis antarctica),Anvers,Dream,"Adult, 1 Egg Stage",N85A2,No,2007-11-28T00:00:00Z,,,,,MALE,,,Nest never observed with full clutch.
PAL0708,25,Chinstrap penguin (Pygoscelis antarctica),Anvers,Dream,"Adult, 1 Egg Stage",N89A1,No,2007-11-28T00:00:00Z,,,,,FEMALE,,,Nest never observed with full clutch.
PAL0708,26,Chinstrap penguin (Pygoscelis antarctica),Anvers,Dream,"Adult, 1 Egg Stage",N89A2,No,2007-11-28T00:00:00Z,,,,,MALE,,,Nest never observed with full clutch.
PAL0809,27,Chinstrap penguin (Pygoscelis antarctica),Anvers,Dream,"Adult, 1 Egg Stage",N61A1,No,2008-11-25T00:00:00Z,,,,,FEMALE,,,Nest never observed with full clutch.
PAL0809,28,Chinstrap penguin (Pygoscelis antarctica),Anvers,Dream,"Adult, 1 Egg Stage",N61A2,No,2008-11-25T00:00:00Z,,,,,MALE,,,Nest never observed with full clutch.
PAL0809,29,Chinstrap penguin (Pygoscelis antarctica),Anvers,Dream,"Adult, 1 Egg Stage",N62A1,Yes,2008-11-14T00:00:00Z,,,,,FEMALE,,,NA
PAL0809,30,Chinstrap penguin (Pygoscelis antarctica),Anvers,Dream,"Adult, 1 Egg Stage",N62A2,Yes,2008-11-14T00:00:00Z,,,,,MALE,,,NA
PAL0809,31,Chinstrap penguin (Pygoscelis antarctica),Anvers,Dream,"Adult, 1 Egg Stage",N63A1,Yes,2008-11-24T00:00:00Z,,,,,FEMALE,,,NA
PAL0809,32,Chinstrap penguin (Pygoscelis antarctica),Anvers,Dream,"Adult, 1 Egg Stage",N63A2,Yes,2008-11-24T00:00:00Z,,,,,MALE,,,NA
PAL0809,33,Chinstrap penguin (Pygoscelis antarctica),Anvers,Dream,"Adult, 1 Egg Stage",N65A1,Yes,2008-11-24T00:00:00Z,,,,,FEMALE,,,NA
PAL0809,34,Chinstrap penguin (Pygoscelis antarctica),Anvers,Dream,"Adult, 1 Egg Stage",N65A2,Yes,2008-11-24T00:00:00Z,,,,,MALE,,,NA
PAL0809,35,Chinstrap penguin (Pygoscelis antarctica),Anvers,Dream,"Adult, 1 Egg Stage",N67A1,Yes,2008-11-25T00:00:00Z,,,,,MALE,,,NA
PAL0809,36,Chinstrap penguin (Pygoscelis antarctica),Anvers,Dream,"Adult, 1 Egg Stage",N67A2,Yes,2008-11-25T00:00:00Z,,,,,FEMALE,,,NA
PAL0809,37,Chinstrap penguin (Pygoscelis antarctica),Anvers,Dream,"Adult, 1 Egg Stage",N69A1,Yes,2008-11-14T00:00:00Z,,,,,FEMALE,,,NA
PAL0809,38,Chinstrap penguin (Pygoscelis antarctica),Anvers,Dream,"Adult, 1 Egg Stage",N69A2,Yes,2008-11-14T00:00:00Z,,,,,MALE,,,NA
PAL0809,39,Chinstrap penguin (Pygoscelis antarctica),Anvers,Dream,"Adult, 1 Egg Stage",N72A1,No,2008-11-24T00:00:00Z,,,,,FEMALE,,,Nest never observed with full clutch.
PAL0809,40,Chinstrap penguin (Pygoscelis antarctica),Anvers,Dream,"Adult, 1 Egg Stage",N72A2,No,2008-11-24T00:00:00Z,,,,,MALE,,,Nest never observed with full clutch.
PAL0809,41,Chinstrap penguin (Pygoscelis antarctica),Anvers,Dream,"Adult, 1 Egg Stage",N74A1,Yes,2008-11-24T00:00:00Z,,,,,MALE,,,NA
PAL0809,42,Chinstrap penguin (Pygoscelis antarctica),Anvers,Dream,"Adult, 1 Egg Stage",N74A2,Yes,2008-11-24T00:00:00Z,,,,,FEMALE,,,NA
PAL0809,43,Chinstrap penguin (Pygoscelis antarctica),Anvers,Dream,"Adult, 1 Egg Stage",N75A1,Yes,2008-11-14T00:00:00Z,,,,,MALE,,,NA
PAL0809,44,Chinstrap penguin (Pygoscelis antarctica),Anvers,Dream,"Adult, 1 Egg Stage",N75A2,Yes,2008-11-14T00:00:00Z,,,,,FEMALE,,,NA
PAL0910,45,Chinstrap penguin (Pygoscelis antarctica),Anvers,Dream,"Adult, 1 Egg Stage",N86A1,Yes,2009-11-17T00:00:00Z,,,,,FEMALE,,,NA
PAL0910,46,Chinstrap penguin (Pygoscelis antarctica),Anvers,Dream,"Adult, 1 Egg Stage",N86A2,Yes,2009-11-17T00:00:00Z,,,,,MALE,,,NA
PAL0910,47,Chinstrap penguin (Pygoscelis antarctica),Anvers,Dream,"Adult, 1 Egg Stage",N87A1,Yes,2009-11-27T00:00:00Z,,,,,FEMALE,,,NA
PAL0910,48,Chinstrap penguin (Pygoscelis antarctica),Anvers,Dream,"Adult, 1 Egg Stage",N87A2,Yes,2009-11-27T00:00:00Z,,,,,MALE,,,NA
PAL0910,49,Chinstrap penguin (Pygoscelis antarctica),Anvers,Dream,"Adult, 1 Egg Stage",N88A1,Yes,2009-11-23T00:00:00Z,,,,,MALE,,,NA
PAL0910,50,Chinstrap penguin (Pygoscelis antarctica),Anvers,Dream,"Adult, 1 Egg Stage",N88A2,Yes,2009-11-23T00:00:00Z,,,,,FEMALE,,,NA
PAL0910,51,Chinstrap penguin (Pygoscelis antarctica),Anvers,Dream,"Adult, 1 Egg Stage",N90A1,Yes,2009-11-21T00:00:00Z,,,,,FEMALE,,,NA
PAL0910,52,Chinstrap penguin (Pygoscelis antarctica),Anvers,Dream,"Adult, 1 Egg Stage",N90A2,Yes,2009-11-21T00:00:00Z,,,,,MALE,,,NA
PAL0910,53,Chinstrap penguin (Pygoscelis antarctica),Anvers,Dream,"Adult, 1 Egg Stage",N92A1,Yes,2009-11-23T00:00:00Z,,,,,FEMALE,,,NA
PAL0910,54,Chinstrap penguin (Pygoscelis antarctica),Anvers,Dream,"Adult, 1 Egg Stage",N92A2,Yes,2009-11-23T00:00:00Z,,,,,MALE,,,NA
PAL0910,55,Chinstrap penguin (Pygoscelis antarctica),Anvers,Dream,"Adult, 1 Egg Stage",N93A1,Yes,2009-11-27T00:00:00Z,,,,,FEMALE,,,NA
PAL0910,56,Chinstrap penguin (Pygoscelis antarctica),Anvers,Dream,"Adult, 1 Egg Stage",N93A2,Yes,2009-11-27T00:00:00Z,,,,,MALE,,,NA
PAL0910,57,Chinstrap penguin (Pygoscelis antarctica),Anvers,Dream,"Adult, 1 Egg Stage",N94A1,Yes,2009-11-21T00:00:00Z,,,,,FEMALE,,,NA
PAL0910,58,Chinstrap penguin (Pygoscelis antarctica),Anvers,Dream,"Adult, 1 Egg Stage",N94A2,Yes,2009-11-21T00:00:00Z,,,,,MALE,,,NA
PAL0910,59,Chinstrap penguin (Pygoscelis antarctica),Anvers,Dream,"Adult, 1 Egg Stage",N95A1,Yes,2009-11-21T00:00:00Z,,,,,MALE,,,NA
PAL0910,60,Chinstrap penguin (Pygoscelis antarctica),Anvers,Dream,"Adult, 1 Egg Stage",N95A2,Yes,2009-11-21T00:00:00Z,,,,,FEMALE,,,NA
PAL0910,61,Chinstrap penguin (Pygoscelis antarctica),Anvers,Dream,"Adult, 1 Egg Stage",N96A1,Yes,2009-11-27T00:00:00Z,,,,,MALE,,,No delta15N data received from lab.
PAL0910,62,Chinstrap penguin (Pygoscelis antarctica),Anvers,Dream,"Adult, 1 Egg Stage",N96A2,Yes,2009-11-27T00:00:00Z,,,,,FEMALE,,,NA
PAL0910,63,Chinstrap penguin (Pygoscelis antarctica),Anvers,Dream,"Adult, 1 Egg Stage",N98A1,Yes,2009-11-19T00:00:00Z,,,,,FEMALE,,,NA
PAL0910,64,Chinstrap penguin (Pygoscelis antarctica),Anvers,Dream,"Adult, 1 Egg Stage",N98A2,Yes,2009-11-19T00:00:00Z,,,,,MALE,,,NA
PAL0910,65,Chinstrap penguin (Pygoscelis antarctica),Anvers,Dream,"Adult, 1 Egg Stage",N99A1,No,2009-11-21T00:00:00Z,,,,,FEMALE,,,Nest never observed with full clutch.
PAL0910,66,Chinstrap penguin (Pygoscelis antarctica),Anvers,Dream,"Adult, 1 Egg Stage",N99A2,No,2009-11-21T00:00:00Z,,,,,MALE,,,Nest never observed with full clutch.
PAL0910,67,Chinstrap penguin (Pygoscelis antarctica),Anvers,Dream,"Adult, 1 Egg Stage",N100A1,Yes,2009-11-21T00:00:00Z,,,,,MALE,,,NA
PAL0910,68,Chinstrap penguin (Pygoscelis antarctica),Anvers,Dream,"Adult, 1 Egg Stage",N100A2,Yes,2009-11-21T00:00:00Z,,,,,FEMALE,,,NA
